{"publish_time": "2025-03-19 04:50:05", "application": "WebSec", "source": "ZunMX", "publish_url": "https://www.zunmx.top/websec/"}
87.236.176.118
123.160.221.140
58.20.133.206
37.44.238.88
185.147.124.63
92.255.85.120
199.45.155.105
206.168.34.92
79.124.49.202
176.124.33.83
91.92.46.235
206.168.34.112
167.94.145.102
167.94.138.170
180.163.30.85
87.236.176.134
79.124.40.86
194.180.49.39
185.247.137.134
185.247.137.128
31.7.62.234
104.248.130.34
162.142.125.218
87.236.176.132
209.38.144.105
92.255.85.113
162.142.125.206
20.65.192.150
193.37.69.27
106.55.200.0/24
162.142.125.217
185.91.127.81
90.151.171.106
111.7.96.150
90.151.171.108
185.180.141.10
196.251.91.3
106.15.131.125